[
  {
    "id": 1,
    "name": "Νομός Αιτωλοακαρνανίας",
    "seat": "Μεσολόγγι",
    "regionAndUnit": {
      "regionId": 7,
      "regionIso31662": "GR-G",
      "unitId": 32
    },
    "prefecture": 49,
    "postalCodes": [
      "30021",
      "30027",
      "30100",
      "30400",
      "30018",
      "30500",
      "30020",
      "30023",
      "33059",
      "30006",
      "30002",
      "30200",
      "30015",
      "30017",
      "30014",
      "30214",
      "30008",
      "30005",
      "30004",
      "30007",
      "30025",
      "47040",
      "31100",
      "30011",
      "30016",
      "30013",
      "30019",
      "30300",
      "30001",
      "30012",
      "30003",
      "30010",
      "30022",
      "30026",
      "30024",
      "30009"
    ]
  },
  {
    "id": 2,
    "name": "Νομός Αργολίδας",
    "seat": "Ναύπλιο",
    "regionAndUnit": {
      "regionId": 10,
      "regionIso31662": "GR-J",
      "unitId": 48
    },
    "prefecture": 38,
    "postalCodes": [
      "21055",
      "21200",
      "21057",
      "21060",
      "21051",
      "21300",
      "21052",
      "21058",
      "21100",
      "21054",
      "21053",
      "20500",
      "21059",
      "21056"
    ]
  },
  {
    "id": 3,
    "name": "Νομός Αρκαδίας",
    "seat": "Τρίπολη",
    "regionAndUnit": {
      "regionId": 10,
      "regionIso31662": "GR-J",
      "unitId": 49
    },
    "prefecture": 37,
    "postalCodes": [
      "22006",
      "22009",
      "27061",
      "22001",
      "22014",
      "22016",
      "22010",
      "22017",
      "25004",
      "22007",
      "22018",
      "22025",
      "22004",
      "22022",
      "22013",
      "22027",
      "22011",
      "22015",
      "22020",
      "22003",
      "22002",
      "22021",
      "22029",
      "22300",
      "25012",
      "22026",
      "22200",
      "22005",
      "22028",
      "22019",
      "22012",
      "22024",
      "22100",
      "22008"
    ]
  },
  {
    "id": 4,
    "name": "Νομός Άρτας",
    "seat": "Άρτα",
    "regionAndUnit": {
      "regionId": 4,
      "regionIso31662": "GR-D",
      "unitId": 18
    },
    "prefecture": 26,
    "postalCodes": [
      "47043",
      "47044",
      "47100",
      "47045",
      "47048",
      "47040",
      "47047",
      "47041",
      "47200",
      "44001",
      "47046",
      "48200",
      "47042"
    ]
  },
  {
    "id": 5,
    "name": "Νομός Αθηνών",
    "seat": "Αθήνα",
    "regionAndUnit": {
      "regionId": 9,
      "regionIso31662": "GR-I",
      "unitId": 42
    },
    "prefecture": 1,
    "postalCodes": [
      "12351",
      "15341",
      "15343",
      "15342",
      "13561",
      "13562",
      "17341",
      "17341",
      "17342",
      "17343",
      "17236",
      "18233",
      "14565",
      "10431",
      "10432",
      "10433",
      "10434",
      "11251",
      "11851",
      "11476",
      "10443",
      "11142",
      "11631",
      "10551",
      "10554",
      "11854",
      "11472",
      "11473",
      "11853",
      "11252",
      "10446",
      "11257",
      "11852",
      "11474",
      "10445",
      "11742",
      "11525",
      "10442",
      "11855",
      "11632",
      "10437",
      "10436",
      "10435",
      "10560",
      "10563",
      "11361",
      "11255",
      "11364",
      "11256",
      "11141",
      "11254",
      "11144",
      "11253",
      "10444",
      "10556",
      "11363",
      "11145",
      "11527",
      "11471",
      "11744",
      "11741",
      "10447",
      "10438",
      "11635",
      "11633",
      "10555",
      "11362",
      "10553",
      "10561",
      "11521",
      "11743",
      "11636",
      "10440",
      "10558",
      "11475",
      "11526",
      "10552",
      "10564",
      "10441",
      "10559",
      "11528",
      "11634",
      "11523",
      "10679",
      "10678",
      "10677",
      "10671",
      "10672",
      "10439",
      "11522",
      "10682",
      "10683",
      "10675",
      "10676",
      "11143",
      "10673",
      "11524",
      "10557",
      "10674",
      "10680",
      "10681",
      "11745",
      "10562",
      "16121",
      "11551",
      "11454",
      "11835",
      "11533",
      "18903",
      "12241",
      "12242",
      "12243",
      "12244",
      "18010",
      "17455",
      "17456",
      "18902",
      "19013",
      "15344",
      "15349",
      "14569",
      "13341",
      "16450",
      "16451",
      "16452",
      "19016",
      "19300",
      "19011",
      "13671",
      "13672",
      "13673",
      "13674",
      "13675",
      "13677",
      "16672",
      "19012",
      "16673",
      "16671",
      "15235",
      "16231",
      "16232",
      "16233",
      "11146",
      "11147",
      "15344",
      "15354",
      "16552",
      "16561",
      "16562",
      "16672",
      "16674",
      "16675",
      "16777",
      "17232",
      "17234",
      "17235",
      "17236",
      "17237",
      "14576",
      "18648",
      "14572",
      "14578",
      "19200",
      "16777",
      "16674",
      "19008",
      "13501",
      "15771",
      "15772",
      "15773",
      "16341",
      "16342",
      "16343",
      "16344",
      "16345",
      "16346",
      "14121",
      "14122",
      "14123",
      "13676",
      "13103",
      "13121",
      "13122",
      "13123",
      "16121",
      "16122",
      "17671",
      "17672",
      "17673",
      "17674",
      "17675",
      "17676",
      "19010",
      "13451",
      "19014",
      "19001",
      "18755",
      "18756",
      "18757",
      "18758",
      "14561",
      "14562",
      "14563",
      "14564",
      "18120",
      "18121",
      "18122",
      "19400",
      "14568",
      "14569",
      "80100",
      "19500",
      "14123",
      "19600",
      "19007",
      "19003",
      "15122",
      "15123",
      "15124",
      "15125",
      "15126",
      "15233",
      "19100",
      "18030",
      "15127",
      "14451",
      "14452",
      "18344",
      "18345",
      "18346",
      "14671",
      "14231",
      "14232",
      "14233",
      "14234",
      "14235",
      "19005",
      "19015",
      "15236",
      "19006",
      "17121",
      "17122",
      "17123",
      "17124",
      "14341",
      "14342",
      "14343",
      "15451",
      "18450",
      "18451",
      "18452",
      "18453",
      "18454",
      "19002",
      "17561",
      "17562",
      "17563",
      "17564",
      "15351",
      "15344",
      "18901",
      "15669",
      "18531",
      "18532",
      "18533",
      "18534",
      "18535",
      "18536",
      "18537",
      "18538",
      "18539",
      "18540",
      "18541",
      "18542",
      "18543",
      "18544",
      "18545",
      "18546",
      "18547",
      "15236",
      "18863",
      "12131",
      "12132",
      "12133",
      "12134",
      "12135",
      "12136",
      "12137",
      "12141",
      "13231",
      "15121",
      "14565",
      "18020",
      "80200",
      "19009",
      "14574",
      "18900",
      "19004",
      "18050",
      "14575",
      "15344",
      "15349",
      "17778",
      "18040",
      "17236",
      "17237",
      "15237",
      "12461",
      "12462",
      "15125",
      "15231",
      "15232",
      "15233",
      "15234",
      "15235",
      "15238",
      "15561",
      "15562",
      "15452"
    ]
  },
  {
    "id": 6,
    "name": "Νομός Αχαΐας",
    "seat": "Πάτρα",
    "regionAndUnit": {
      "regionId": 7,
      "regionIso31662": "GR-G",
      "unitId": 33
    },
    "prefecture": 48,
    "postalCodes": [
      "25010",
      "25100",
      "25006",
      "25016",
      "25018",
      "25002",
      "25004",
      "25003",
      "25015",
      "25001",
      "25009",
      "25200",
      "25017",
      "25011",
      "25007",
      "25012",
      "25013",
      "26221",
      "26222",
      "26223",
      "26224",
      "26225",
      "26226",
      "26234",
      "26331",
      "26332",
      "26333",
      "26334",
      "26335",
      "26441",
      "26442",
      "26443",
      "26444",
      "26500",
      "26504",
      "25014",
      "27052",
      "25005",
      "25008"
    ]
  },
  {
    "id": 7,
    "name": "Νομός Βοιωτίας",
    "seat": "Λιβαδειά",
    "regionAndUnit": {
      "regionId": 8,
      "regionIso31662": "GR-H",
      "unitId": 35
    },
    "prefecture": 9,
    "postalCodes": [
      "32007",
      "32001",
      "32012",
      "32004",
      "32002",
      "32008",
      "32005",
      "32010",
      "35004",
      "32200",
      "35015",
      "32006",
      "32100",
      "32011",
      "32300",
      "32003",
      "32009"
    ]
  },
  {
    "id": 8,
    "name": "Νομός Γρεβενών",
    "seat": "Γρεβενά",
    "regionAndUnit": {
      "regionId": 3,
      "regionIso31662": "GR-C",
      "unitId": 14
    },
    "prefecture": 52,
    "postalCodes": ["51030", "50004", "51100", "51200", "51031", "50007", "51032"]
  },
  {
    "id": 9,
    "name": "Νομός Δράμας",
    "seat": "Δράμα",
    "regionAndUnit": {
      "regionId": 1,
      "regionIso31662": "GR-A",
      "unitId": 1
    },
    "prefecture": 21,
    "postalCodes": ["66300", "66100", "66031", "66033", "66032", "66036", "66037", "66035", "66200", "66038", "66034"]
  },
  {
    "id": 10,
    "name": "Νομός Δωδεκανήσου",
    "seat": "Ρόδος",
    "regionAndUnit": {
      "regionId": 12,
      "regionIso31662": "GR-L",
      "unitId": 70
    },
    "prefecture": 43,
    "postalCodes": [
      "84008",
      "85302",
      "85102",
      "85900",
      "85103",
      "85109",
      "85101",
      "85105",
      "85200",
      "85700",
      "85800",
      "85301",
      "85104",
      "85108",
      "85300",
      "85401",
      "85001",
      "85400",
      "85107",
      "85111",
      "85303",
      "85106",
      "85500",
      "85100",
      "85600",
      "85002",
      "85110"
    ]
  },
  {
    "id": 11,
    "name": "Νομός Έβρου",
    "seat": "Αλεξανδρούπολη",
    "regionAndUnit": {
      "regionId": 1,
      "regionIso31662": "GR-A",
      "unitId": 2
    },
    "prefecture": 22,
    "postalCodes": [
      "68011",
      "68100",
      "68012",
      "68300",
      "68007",
      "68008",
      "68006",
      "68004",
      "68010",
      "68005",
      "68001",
      "68200",
      "68013",
      "68014",
      "68009",
      "68002",
      "69300",
      "68400",
      "68003",
      "68500"
    ]
  },
  {
    "id": 12,
    "name": "Νομός Ευβοίας",
    "seat": "Χαλκίδα",
    "regionAndUnit": {
      "regionId": 8,
      "regionIso31662": "GR-H",
      "unitId": 36
    },
    "prefecture": 5,
    "postalCodes": [
      "34010",
      "34500",
      "34006",
      "34009",
      "34002",
      "34008",
      "32200",
      "34200",
      "34018",
      "34019",
      "34001",
      "34016",
      "34017",
      "34003",
      "34005",
      "34300",
      "34004",
      "34013",
      "34600",
      "34011",
      "34007",
      "34014",
      "34015",
      "34100",
      "34400",
      "34012"
    ]
  },
  {
    "id": 13,
    "name": "Νομός Ευρυτανίας",
    "seat": "Καρπενήσι",
    "regionAndUnit": {
      "regionId": 8,
      "regionIso31662": "GR-H",
      "unitId": 37
    },
    "prefecture": 6,
    "postalCodes": ["36081", "36073", "36072", "43100", "36100", "36071", "36076", "36075", "36074", "36070", "36080"]
  },
  {
    "id": 14,
    "name": "Νομός Ζακύνθου",
    "seat": "Ζάκυνθος",
    "regionAndUnit": {
      "regionId": 6,
      "regionIso31662": "GR-F",
      "unitId": 27
    },
    "prefecture": 33,
    "postalCodes": ["29091", "29100", "29090", "29092"]
  },
  {
    "id": 15,
    "name": "Νομός Ηλείας",
    "seat": "Πύργος",
    "regionAndUnit": {
      "regionId": 7,
      "regionIso31662": "GR-G",
      "unitId": 34
    },
    "prefecture": 50,
    "postalCodes": [
      "27200",
      "27051",
      "27061",
      "27065",
      "27050",
      "27300",
      "27058",
      "27069",
      "27054",
      "27062",
      "27064",
      "27067",
      "27055",
      "27068",
      "27066",
      "27063",
      "27053",
      "25012",
      "27056",
      "27060",
      "27100",
      "27052",
      "27057",
      "27059"
    ]
  },
  {
    "id": 16,
    "name": "Νομός Ημαθίας",
    "seat": "Βέροια",
    "regionAndUnit": {
      "regionId": 2,
      "regionIso31662": "GR-B",
      "unitId": 7
    },
    "prefecture": 11,
    "postalCodes": ["59300", "59100", "59034", "59035", "59033", "59031", "59200", "59032"]
  },
  {
    "id": 17,
    "name": "Νομός Ηρακλείου",
    "seat": "Ηράκλειο",
    "regionAndUnit": {
      "regionId": 13,
      "regionIso31662": "GR-M",
      "unitId": 71
    },
    "prefecture": 18,
    "postalCodes": [
      "70003",
      "70012",
      "70013",
      "70004",
      "74051",
      "70300",
      "70100",
      "70016",
      "71414",
      "70017",
      "70011",
      "70015",
      "70008",
      "70002",
      "71201",
      "71202",
      "71304",
      "71303",
      "71409",
      "71410",
      "71307",
      "71500",
      "71305",
      "71306",
      "71309",
      "70006",
      "70001",
      "70014",
      "70007",
      "70400",
      "70005",
      "71601",
      "70009",
      "70010",
      "70200"
    ]
  },
  {
    "id": 18,
    "name": "Νομός Θεσπρωτίας",
    "seat": "Ηγουμενίτσα",
    "regionAndUnit": {
      "regionId": 4,
      "regionIso31662": "GR-D",
      "unitId": 19
    },
    "prefecture": 29,
    "postalCodes": ["46032", "44017", "46031", "46100", "46033", "46030", "46200", "48060", "46300"]
  },
  {
    "id": 19,
    "name": "Νομός Θεσσαλονίκης",
    "seat": "Θεσσαλονίκη",
    "regionAndUnit": {
      "regionId": 2,
      "regionIso31662": "GR-B",
      "unitId": 8
    },
    "prefecture": 16,
    "postalCodes": [
      "57003",
      "55438",
      "53438",
      "54636",
      "56121",
      "56123",
      "57010",
      "57016",
      "57021",
      "57006",
      "57022",
      "57011",
      "56334",
      "54248",
      "57500",
      "56429",
      "56431",
      "56224",
      "57012",
      "57001",
      "54645",
      "54646",
      "54248",
      "54249",
      "54626",
      "54627",
      "54628",
      "54642",
      "54636",
      "54643",
      "54635",
      "54351",
      "54625",
      "54634",
      "54629",
      "54352",
      "54453",
      "54621",
      "54622",
      "54250",
      "54632",
      "54623",
      "54631",
      "54633",
      "54640",
      "54630",
      "54638",
      "54624",
      "54454",
      "54655",
      "54639",
      "54644",
      "54641",
      "54500",
      "57008",
      "55131",
      "55132",
      "55133",
      "55134",
      "57009",
      "57100",
      "57200",
      "57020",
      "57018",
      "56122",
      "54628",
      "57015",
      "57004",
      "56727",
      "56728",
      "57019",
      "57017",
      "55236",
      "56532",
      "56533",
      "56429",
      "55535",
      "57400",
      "57002",
      "57014",
      "56429",
      "56430",
      "56431",
      "56625",
      "56626",
      "55337",
      "57300",
      "57007",
      "57013"
    ]
  },
  {
    "id": 20,
    "name": "Νομός Ιωαννίνων",
    "seat": "Ιωάννινα",
    "regionAndUnit": {
      "regionId": 4,
      "regionIso31662": "GR-D",
      "unitId": 20
    },
    "prefecture": 27,
    "postalCodes": [
      "44008",
      "47043",
      "44016",
      "44007",
      "44012",
      "44017",
      "44014",
      "44002",
      "44009",
      "44004",
      "44003",
      "45221",
      "45232",
      "45332",
      "45333",
      "45442",
      "45444",
      "45445",
      "45500",
      "44013",
      "44006",
      "44018",
      "44100",
      "48061",
      "44200",
      "44020",
      "44019",
      "46200",
      "44001",
      "44015",
      "44005",
      "44010",
      "48200"
    ]
  },
  {
    "id": 21,
    "name": "Νομός Καβάλας",
    "seat": "Καβάλα",
    "regionAndUnit": {
      "regionId": 1,
      "regionIso31662": "GR-A",
      "unitId": 3
    },
    "prefecture": 23,
    "postalCodes": [
      "64012",
      "64100",
      "64004",
      "64005",
      "65201",
      "65302",
      "65403",
      "65404",
      "65500",
      "64011",
      "64009",
      "64003",
      "64010",
      "64002",
      "64008",
      "64006",
      "64007",
      "64001",
      "64010",
      "65404",
      "64200"
    ]
  },
  {
    "id": 22,
    "name": "Νομός Καρδίτσας",
    "seat": "Καρδίτσα",
    "regionAndUnit": {
      "regionId": 5,
      "regionIso31662": "GR-E",
      "unitId": 22
    },
    "prefecture": 44,
    "postalCodes": [
      "43061",
      "43065",
      "43066",
      "43062",
      "43100",
      "43063",
      "43067",
      "43060",
      "43200",
      "43069",
      "43070",
      "43068",
      "43300",
      "43064"
    ]
  },
  {
    "id": 23,
    "name": "Νομός Καστοριάς",
    "seat": "Καστοριά",
    "regionAndUnit": {
      "regionId": 3,
      "regionIso31662": "GR-C",
      "unitId": 15
    },
    "prefecture": 53,
    "postalCodes": [
      "52058",
      "52200",
      "52059",
      "52053",
      "52057",
      "52100",
      "52054",
      "52052",
      "52055",
      "52056",
      "52050",
      "52051",
      "50007"
    ]
  },
  {
    "id": 24,
    "name": "Νομός Κέρκυρας",
    "seat": "Κέρκυρα",
    "regionAndUnit": {
      "regionId": 6,
      "regionIso31662": "GR-F",
      "unitId": 28
    },
    "prefecture": 30,
    "postalCodes": ["49082", "49081", "49084", "49100", "49080", "49083"]
  },
  {
    "id": 25,
    "name": "Νομός Κεφαλληνίας",
    "seat": "Αργοστόλι",
    "regionAndUnit": {
      "regionId": 6,
      "regionIso31662": "GR-F",
      "unitId": 29
    },
    "prefecture": 31,
    "postalCodes": ["28081", "28100", "28085", "28300", "28083", "28200", "28086", "28080", "28301", "28084", "28082"]
  },
  {
    "id": 26,
    "name": "Νομός Κιλκίς",
    "seat": "Κιλκίς",
    "regionAndUnit": {
      "regionId": 2,
      "regionIso31662": "GR-B",
      "unitId": 9
    },
    "prefecture": 12,
    "postalCodes": [
      "61400",
      "61006",
      "57011",
      "61300",
      "61005",
      "61007",
      "54500",
      "61100",
      "57100",
      "57017",
      "61200",
      "61001",
      "61003",
      "61002"
    ]
  },
  {
    "id": 27,
    "name": "Νομός Κοζάνης",
    "seat": "Κοζάνη",
    "regionAndUnit": {
      "regionId": 3,
      "regionIso31662": "GR-C",
      "unitId": 16
    },
    "prefecture": 54,
    "postalCodes": [
      "50004",
      "52200",
      "50008",
      "50400",
      "50009",
      "50005",
      "50003",
      "50100",
      "50010",
      "50001",
      "50007",
      "50200",
      "50006",
      "50500",
      "50300",
      "50002"
    ]
  },
  {
    "id": 28,
    "name": "Νομός Κορινθίας",
    "seat": "Κόρινθος",
    "administrativeRegion": {
      "regionId": 10,
      "regionIso31662": "GR-J",
      "unitId": 50
    },
    "prefecture": 39,
    "postalCodes": [
      "20003",
      "20005",
      "20007",
      "20002",
      "20006",
      "20014",
      "20009",
      "20001",
      "20010",
      "20016",
      "20200",
      "20017",
      "20100",
      "20300",
      "20012",
      "20500",
      "20400",
      "20011",
      "20013",
      "20015",
      "20004",
      "20008"
    ]
  },
  {
    "id": 29,
    "name": "Νομός Κυκλάδων",
    "seat": "Ερμούπολη",
    "administrativeRegion": {
      "regionId": 12,
      "regionIso31662": "GR-L",
      "unitId": 64
    },
    "prefecture": 42,
    "postalCodes": [
      "84801",
      "84008",
      "84009",
      "84500",
      "84007",
      "84501",
      "84703",
      "84700",
      "84001",
      "84002",
      "84004",
      "84502",
      "84301",
      "84006",
      "84800",
      "84600",
      "84300",
      "84401",
      "84702",
      "84201",
      "84400",
      "84701",
      "84005",
      "84010",
      "84003",
      "84100",
      "84200",
      "84200",
      "84011",
      "84302"
    ]
  },
  {
    "id": 30,
    "name": "Νομός Λακωνίας",
    "seat": "Σπάρτη",
    "administrativeRegion": {
      "regionId": 10,
      "regionIso31662": "GR-J",
      "unitId": 51
    },
    "prefecture": 40,
    "postalCodes": [
      "23061",
      "23062",
      "23055",
      "23069",
      "23058",
      "23071",
      "23065",
      "23200",
      "23067",
      "23059",
      "23069",
      "23066",
      "23057",
      "23052",
      "23070",
      "23053",
      "23060",
      "23054",
      "23056",
      "23063",
      "23052",
      "23064",
      "23051",
      "23100"
    ]
  },
  {
    "id": 31,
    "name": "Νομός Λάρισας",
    "seat": "Λάρισα",
    "administrativeRegion": {
      "regionId": 5,
      "regionIso31662": "GR-E",
      "unitId": 23
    },
    "prefecture": 45,
    "postalCodes": [
      "40003",
      "40400",
      "37500",
      "40005",
      "40004",
      "35010",
      "40200",
      "43062",
      "40001",
      "41001",
      "41221",
      "41222",
      "41223",
      "41334",
      "41335",
      "41336",
      "41447",
      "41500",
      "40002",
      "40009",
      "40007",
      "40008",
      "40006",
      "40010",
      "40100",
      "40011",
      "40300"
    ]
  },
  {
    "id": 32,
    "name": "Νομός Λασιθίου",
    "seat": "Άγιος Νικόλαος",
    "administrativeRegion": {
      "regionId": 13,
      "regionIso31662": "GR-M",
      "unitId": 72
    },
    "prefecture": 19,
    "postalCodes": [
      "72100",
      "70004",
      "72054",
      "72053",
      "72200",
      "72051",
      "72056",
      "72400",
      "72300",
      "72055",
      "72052",
      "72057",
      "72058",
      "72059"
    ]
  },
  {
    "id": 33,
    "name": "Νομός Λέσβου",
    "seat": "Μυτιλήνη",
    "administrativeRegion": {
      "regionId": 11,
      "regionIso31662": "GR-K",
      "unitId": 53
    },
    "prefecture": 35,
    "postalCodes": [
      "81102",
      "81101",
      "81500",
      "81103",
      "81110",
      "81105",
      "81107",
      "81104",
      "81108",
      "81401",
      "81400",
      "81100",
      "81106",
      "81111",
      "81109",
      "81200",
      "81300",
      "81112",
      "81113"
    ]
  },
  {
    "id": 34,
    "name": "Νομός Λευκάδας",
    "seat": "Λευκάδα",
    "administrativeRegion": {
      "regionId": 6,
      "regionIso31662": "GR-F",
      "unitId": 31
    },
    "prefecture": 32,
    "postalCodes": ["31083", "31082", "31081", "31080", "31100"]
  },
  {
    "id": 35,
    "name": "Νομός Μαγνησίας",
    "seat": "Βόλος",
    "administrativeRegion": {
      "regionId": 5,
      "regionIso31662": "GR-E",
      "unitId": 24
    },
    "prefecture": 46,
    "postalCodes": [
      "37200",
      "37300",
      "37100",
      "37005",
      "37006",
      "37500",
      "38221",
      "38222",
      "38300",
      "38322",
      "38331",
      "38333",
      "38334",
      "38446",
      "38500",
      "37004",
      "35010",
      "37001",
      "37010",
      "37013",
      "37400",
      "38445",
      "38446",
      "37011",
      "37007",
      "37002",
      "37003",
      "37008",
      "37009",
      "37012",
      "38221",
      "34012"
    ]
  },
  {
    "id": 36,
    "name": "Νομός Μεσσηνίας",
    "seat": "Καλαμάτα",
    "administrativeRegion": {
      "regionId": 10,
      "regionIso31662": "GR-J",
      "unitId": 52
    },
    "prefecture": 41,
    "postalCodes": [
      "24024",
      "24017",
      "24020",
      "27061",
      "24013",
      "24012",
      "24015",
      "24007",
      "24400",
      "24008",
      "24011",
      "24009",
      "24100",
      "24101",
      "24016",
      "24022",
      "24003",
      "24004",
      "24500",
      "24010",
      "24006",
      "24002",
      "24200",
      "24019",
      "24005",
      "24023",
      "24001",
      "24021",
      "24300",
      "24014",
      "24600",
      "24018"
    ]
  },
  {
    "id": 37,
    "name": "Νομός Ξάνθης",
    "seat": "Ξάνθη",
    "administrativeRegion": {
      "regionId": 1,
      "regionIso31662": "GR-A",
      "unitId": 5
    },
    "prefecture": 25,
    "postalCodes": ["67061", "67064", "67200", "67300", "67063", "66037", "67100", "66035", "67062"]
  },
  {
    "id": 38,
    "name": "Νομός Πέλλας",
    "seat": "Έδεσσα",
    "administrativeRegion": {
      "regionId": 2,
      "regionIso31662": "GR-B",
      "unitId": 10
    },
    "prefecture": 13,
    "postalCodes": ["58400", "58002", "58100", "58200", "58004", "58001", "57100", "58300", "58005", "58500", "58003"]
  },
  {
    "id": 39,
    "name": "Νομός Πιερίας",
    "seat": "Κατερίνη",
    "administrativeRegion": {
      "regionId": 2,
      "regionIso31662": "GR-B",
      "unitId": 11
    },
    "prefecture": 14,
    "postalCodes": ["60300", "60100", "60064", "60061", "60062", "60063", "60200", "60066", "60065"]
  },
  {
    "id": 40,
    "name": "Νομός Πρέβεζας",
    "seat": "Πρέβεζα",
    "administrativeRegion": {
      "regionId": 4,
      "regionIso31662": "GR-D",
      "unitId": 21
    },
    "prefecture": 28,
    "postalCodes": ["44009", "48300", "48062", "48061", "48060", "48100", "48200"]
  },
  {
    "id": 41,
    "name": "Νομός Ρεθύμνης",
    "seat": "Ρέθυμνο",
    "administrativeRegion": {
      "regionId": 13,
      "regionIso31662": "GR-M",
      "unitId": 73
    },
    "prefecture": 20,
    "postalCodes": [
      "74056",
      "74061",
      "74051",
      "74059",
      "74062",
      "74054",
      "74055",
      "74060",
      "74000",
      "74057",
      "74052",
      "74100",
      "74058",
      "74053"
    ]
  },
  {
    "id": 42,
    "name": "Νομός Ροδόπης",
    "seat": "Κομοτηνή",
    "administrativeRegion": {
      "regionId": 1,
      "regionIso31662": "GR-A",
      "unitId": 6
    },
    "prefecture": 24,
    "postalCodes": ["69200", "69100", "67063", "69400", "69500", "69300"]
  },
  {
    "id": 43,
    "name": "Νομός Σάμου",
    "seat": "Σάμος",
    "administrativeRegion": {
      "regionId": 11,
      "regionIso31662": "GR-K",
      "unitId": 56
    },
    "prefecture": 36,
    "postalCodes": ["83300", "83302", "83200", "83102", "83101", "83103", "83103", "83104", "83301", "83100", "83400"]
  },
  {
    "id": 44,
    "name": "Νομός Σερρών",
    "seat": "Σέρρες",
    "administrativeRegion": {
      "regionId": 2,
      "regionIso31662": "GR-B",
      "unitId": 12
    },
    "prefecture": 15,
    "postalCodes": [
      "62051",
      "62045",
      "62050",
      "62052",
      "62400",
      "62055",
      "62049",
      "62042",
      "62043",
      "62044",
      "62200",
      "57017",
      "62048",
      "62047",
      "62041",
      "62053",
      "62056",
      "62100",
      "62121",
      "62122",
      "62123",
      "62124",
      "62125",
      "62200",
      "62300",
      "62054",
      "62046"
    ]
  },
  {
    "id": 45,
    "name": "Νομός Τρικάλων",
    "seat": "Τρίκαλα",
    "administrativeRegion": {
      "regionId": 5,
      "regionIso31662": "GR-E",
      "unitId": 26
    },
    "prefecture": 47,
    "postalCodes": [
      "42034",
      "43061",
      "42200",
      "42036",
      "42035",
      "42030",
      "42037",
      "42033",
      "42300",
      "42032",
      "42100",
      "42031"
    ]
  },
  {
    "id": 46,
    "name": "Νομός Φθιώτιδας",
    "seat": "Λαμία",
    "administrativeRegion": {
      "regionId": 8,
      "regionIso31662": "GR-H",
      "unitId": 38
    },
    "prefecture": 8,
    "postalCodes": [
      "35017",
      "35006",
      "35002",
      "35014",
      "35200",
      "35018",
      "33057",
      "35010",
      "35004",
      "35008",
      "35015",
      "35100",
      "35012",
      "35007",
      "35011",
      "35001",
      "35005",
      "35009",
      "35013",
      "35003",
      "35300",
      "35016"
    ]
  },
  {
    "id": 47,
    "name": "Νομός Φλώρινας",
    "seat": "Φλώρινα",
    "administrativeRegion": {
      "regionId": 3,
      "regionIso31662": "GR-C",
      "unitId": 17
    },
    "prefecture": 51,
    "postalCodes": [
      "53077",
      "53200",
      "53076",
      "53074",
      "50005",
      "53073",
      "53071",
      "53078",
      "53072",
      "50200",
      "53075",
      "53070",
      "53100"
    ]
  },
  {
    "id": 48,
    "name": "Νομός Φωκίδας",
    "seat": "Άμφισσα",
    "administrativeRegion": {
      "regionId": 8,
      "regionIso31662": "GR-H",
      "unitId": 39
    },
    "prefecture": 7,
    "postalCodes": [
      "33100",
      "33059",
      "33052",
      "33057",
      "33054",
      "33050",
      "33058",
      "33056",
      "33200",
      "33061",
      "33053",
      "33063",
      "33062",
      "33051",
      "33060",
      "33055"
    ]
  },
  {
    "id": 49,
    "name": "Νομός Χαλκιδικής",
    "seat": "Πολύγυρος",
    "administrativeRegion": {
      "regionId": 2,
      "regionIso31662": "GR-B",
      "unitId": 13
    },
    "prefecture": 10,
    "postalCodes": [
      "63078",
      "63074",
      "63084",
      "57006",
      "63073",
      "63087",
      "57012",
      "63075",
      "63086",
      "63077",
      "63076",
      "63080",
      "63200",
      "63079",
      "63081",
      "63088",
      "63071",
      "63085",
      "63100",
      "57014",
      "63083",
      "63082",
      "63072"
    ]
  },
  {
    "id": 50,
    "name": "Νομός Χανίων",
    "seat": "Χανιά",
    "administrativeRegion": {
      "regionId": 13,
      "regionIso31662": "GR-M",
      "unitId": 74
    },
    "prefecture": 17,
    "postalCodes": [
      "73005",
      "73013",
      "73013",
      "73012",
      "73008",
      "73002",
      "73007",
      "74055",
      "73003",
      "73004",
      "73400",
      "73006",
      "73300",
      "73001",
      "73014",
      "73009",
      "73200",
      "73010",
      "73100",
      "73131",
      "73132",
      "73133",
      "73134",
      "73135",
      "73136",
      "71334",
      "73011"
    ]
  },
  {
    "id": 51,
    "name": "Νομός Χίου",
    "seat": "Χίος",
    "administrativeRegion": {
      "regionId": 11,
      "regionIso31662": "GR-K",
      "unitId": 57
    },
    "prefecture": 34,
    "postalCodes": ["82103", "82200", "82102", "82300", "82101", "82100", "82104"]
  }
]
